{"cameraMode":{"drawMode":0,"name":"Shaded","section":"Shading Mode"},"sceneLighting":false,"audioPlay":false,"sceneViewState":{"m_AlwaysRefresh":false,"showFog":true,"showSkybox":false,"showFlares":true,"showImageEffects":true,"showParticleSystems":true,"showVisualEffectGraphs":true,"m_FxEnabled":false},"in2DMode":false,"pivot":{"x":-373.43280029296877,"y":-12.183711051940918,"z":214.07359313964845},"rotation":{"x":-0.007106897886842489,"y":-0.9934272766113281,"z":0.08751171082258225,"w":-0.0748802125453949},"size":2.2643752098083498,"orthographic":false}