{"cameraMode":{"drawMode":0,"name":"Shaded","section":"Shading Mode"},"sceneLighting":false,"audioPlay":false,"sceneViewState":{"m_AlwaysRefresh":false,"showFog":true,"showSkybox":false,"showFlares":true,"showImageEffects":true,"showParticleSystems":true,"showVisualEffectGraphs":true,"m_FxEnabled":false},"in2DMode":false,"pivot":{"x":-371.0792541503906,"y":-14.677555084228516,"z":210.20616149902345},"rotation":{"x":-0.0015492954989895225,"y":-0.9990890026092529,"z":-0.03356415405869484,"w":0.030874010175466539},"size":1.1660254001617432,"orthographic":false}