{"cameraMode":{"drawMode":0,"name":"Shaded","section":"Shading Mode"},"sceneLighting":false,"audioPlay":false,"sceneViewState":{"m_AlwaysRefresh":false,"showFog":true,"showSkybox":false,"showFlares":true,"showImageEffects":true,"showParticleSystems":true,"showVisualEffectGraphs":true,"m_FxEnabled":false},"in2DMode":false,"pivot":{"x":-240.88348388671876,"y":25.231746673583986,"z":-263.0586242675781},"rotation":{"x":0.020787833258509637,"y":-0.9368217587471008,"z":0.057215139269828799,"w":0.34494099020957949},"size":1120.4398193359375,"orthographic":false}