{"cameraMode":{"drawMode":0,"name":"Shaded","section":"Shading Mode"},"sceneLighting":false,"audioPlay":false,"sceneViewState":{"m_AlwaysRefresh":false,"showFog":true,"showSkybox":false,"showFlares":true,"showImageEffects":true,"showParticleSystems":true,"showVisualEffectGraphs":true,"m_FxEnabled":false},"in2DMode":false,"pivot":{"x":-371.1521301269531,"y":-14.786615371704102,"z":210.2082977294922},"rotation":{"x":-0.0006182941142469645,"y":-0.998781681060791,"z":-0.002068924019113183,"w":0.051891814917325976},"size":1.1660254001617432,"orthographic":false}