{"cameraMode":{"drawMode":0,"name":"Shaded","section":"Shading Mode"},"sceneLighting":false,"audioPlay":false,"sceneViewState":{"m_AlwaysRefresh":false,"showFog":true,"showSkybox":false,"showFlares":true,"showImageEffects":true,"showParticleSystems":true,"showVisualEffectGraphs":true,"m_FxEnabled":false},"in2DMode":false,"pivot":{"x":-369.6310119628906,"y":-9.827296257019043,"z":205.8953094482422},"rotation":{"x":0.0013845862122252584,"y":0.9718823432922363,"z":-0.0036797230131924154,"w":0.23596294224262238},"size":7.29147481918335,"orthographic":false}