{"cameraMode":{"drawMode":0,"name":"Shaded","section":"Shading Mode"},"sceneLighting":true,"audioPlay":false,"sceneViewState":{"m_AlwaysRefresh":false,"showFog":true,"showSkybox":true,"showFlares":true,"showImageEffects":true,"showParticleSystems":true,"showVisualEffectGraphs":true,"m_FxEnabled":true},"in2DMode":false,"pivot":{"x":-26.374317169189454,"y":12.495443344116211,"z":26.524152755737306},"rotation":{"x":0.009138522669672966,"y":0.9596859812736511,"z":0.27928006649017336,"w":-0.03138944134116173},"size":13.648078918457032,"orthographic":false}